TV,Radio,Newspaper,Sales
232.186815,38.870242,36.231287,28.092607
131.663532,48.591321,110.213027,22.448631
257.579376,25.037059,93.755284,25.126740
209.210409,7.194875,13.270609,13.576767
28.253204,0.696814,119.644159,6.661978
292.686705,11.482801,105.504003,22.951682
228.341911,6.591111,34.069013,17.128198
235.819292,33.882934,100.427590,26.500954
38.434090,6.091625,12.770344,14.061442
135.115781,25.316497,119.892568,16.380079
111.239407,34.713122,79.882168,17.552688
278.029497,29.055830,78.015002,26.545045
193.159536,9.988783,10.852887,21.377246
246.828484,40.206226,107.644008,24.380326
133.024260,35.770356,3.479940,20.664180
68.171617,36.949200,28.899367,21.048921
166.375436,6.552888,17.162625,12.950048
19.145177,6.187690,93.212153,6.919748
248.289352,46.378128,23.784507,26.892916
189.499320,19.878910,109.276587,19.202818
227.426322,15.047435,78.752285,22.635108
106.357790,24.429202,4.339525,17.230316
291.209407,33.143211,0.651580,23.625643
267.936336,47.781163,6.198950,29.902901
233.515049,14.322311,72.711021,19.982933
58.391612,46.240421,96.177817,21.518024
140.016301,1.242975,28.626338,12.781182
13.141130,27.759902,101.929061,12.055958
46.286848,31.698756,6.867833,16.364743
204.914686,5.294870,96.115662,19.680353
223.428647,7.016980,111.335452,20.317355
290.252920,20.955716,92.653008,21.802085
97.747607,48.311596,83.774494,22.261215
111.137912,29.802128,100.557626,16.301720
140.866743,46.651161,4.818156,23.082040
56.841408,40.218046,24.213853,14.623058
38.976452,23.369080,14.990842,14.276651
142.711478,39.238172,60.543719,19.894845
68.072805,0.891839,89.422575,8.221499
200.944198,5.457200,75.601421,19.344232
131.145576,41.471431,102.135732,22.028051
249.803459,39.840854,18.625559,25.321949
210.079531,11.632037,88.154531,22.475392
93.709992,26.538480,23.164979,15.738636
249.677940,30.300791,32.491050,24.849615
241.429307,43.386948,85.188564,27.623001
116.243514,30.155358,117.624574,17.507384
86.498431,20.628578,73.385233,16.292375
204.748651,18.709202,6.540038,19.279080
41.925745,21.294104,73.957076,12.536654
59.972461,32.596551,5.082066,18.821955
2.208681,43.374532,106.097485,13.711357
236.077313,22.694844,85.149394,18.073544
199.455257,12.391978,20.775342,22.171472
211.549614,11.833118,11.006521,24.478902
234.218709,37.300714,22.023987,24.529139
137.674733,40.828438,117.603262,17.919618
170.622359,5.263904,55.027277,15.737249
41.939099,3.327943,94.089714,9.453066
34.359022,29.721683,76.369001,14.231030
200.520889,7.308662,68.689578,15.994515
141.328862,41.233210,17.415631,22.812297
169.570832,15.516734,113.522934,19.533416
229.499657,7.193597,36.161116,16.461320
190.415496,46.048524,69.362066,26.502500
166.073820,8.276586,83.973113,20.932662
167.762148,14.236004,77.907979,18.360106
91.185029,7.680670,112.871329,12.592132
9.245350,5.774503,17.812679,8.354709
131.015217,1.057401,61.002329,14.929993
64.375402,2.769770,48.484127,7.346809
122.558593,8.732074,56.900248,15.068448
256.020922,2.669097,14.306103,18.985055
70.181846,29.557191,16.091353,19.743101
17.490823,34.035726,33.369065,14.112637
84.415168,19.681523,36.564552,18.263304
88.078127,15.899555,51.348386,12.233257
198.574954,25.226312,73.318506,22.725711
167.109646,43.750247,76.155494,24.224839
235.169463,42.556581,49.417308,24.752228
199.294062,2.173753,49.053973,17.465552
121.916058,9.074920,26.115423,17.079240
244.206115,11.837244,70.596750,20.518240
50.091876,12.469379,38.044909,8.547443
6.813622,28.561633,4.327180,12.764954
27.014358,20.813121,50.208005,10.662234
216.707805,2.462706,56.895921,17.339359
138.563169,18.680707,27.071144,17.111208
48.381534,26.187647,68.694952,11.164766
150.313433,5.083595,67.892628,12.177391
45.693631,41.672928,84.240262,18.415259
208.896113,2.598093,77.753818,16.714329
133.846883,46.242093,78.291967,17.357121
114.306368,4.955657,37.945698,15.125627
90.453627,42.178748,94.491867,20.259708
189.084778,45.132657,65.897326,23.425572
108.543783,48.978534,51.770183,19.066605
26.294976,40.101294,75.121498,17.866414
35.401771,38.973877,43.278880,16.988013
288.569299,32.124164,61.528709,31.859070
272.574207,38.949818,88.404683,28.575575
209.912140,6.727610,106.368346,19.479676
79.760988,26.803402,110.526864,16.014037
290.752913,25.711144,60.435951,27.608484
233.625271,42.878607,62.433014,27.779033
215.067057,23.139968,95.984449,24.530620
134.808451,19.254475,37.734083,16.203851
81.672469,31.978164,100.485883,16.511989
28.917289,13.323166,59.296998,10.211689
270.780719,6.988421,13.902807,22.868321
136.732887,23.893864,8.647098,21.102772
60.709009,20.844468,101.039185,13.355339
91.786987,11.628497,6.668150,12.781745
173.765871,18.375591,33.673372,19.543745
53.031835,18.319622,40.095605,12.699146
256.984285,16.374778,20.759333,24.345133
227.555859,18.973204,37.667204,17.098173
215.838887,34.287167,89.123108,22.501659
129.627912,14.843824,1.761941,14.457081
188.192652,47.442896,99.260811,20.739264
175.229391,45.817401,102.785763,22.541367
194.953980,24.045521,44.671389,19.212677
25.333296,16.418060,18.433548,11.025976
124.742221,26.771739,72.100849,20.556221
12.484252,42.428024,14.360707,15.253268
148.197246,32.629367,43.790323,18.386181
98.958364,40.219591,115.011502,19.713136
43.357257,26.636114,119.455737,16.718754
31.020890,31.645881,92.652587,12.929379
176.293372,14.407781,37.315381,16.474911
51.177891,36.744658,82.519806,17.885848
277.536036,10.120230,84.648764,22.035726
174.318342,34.739906,46.541003,23.396227
104.060941,43.035953,76.906636,20.428812
177.274647,6.605142,1.287317,18.123024
6.841161,30.718987,25.086919,11.222093
287.567764,4.754787,63.010596,21.827684
144.691031,36.285781,19.650157,20.460326
234.820568,4.224661,19.908824,16.643807
24.819000,46.796991,100.356515,14.368278
145.997499,6.870397,118.695960,17.112665
147.212098,47.944012,66.716331,22.698267
281.347936,40.044209,100.688368,26.363555
171.518416,29.684100,118.838600,21.097157
142.046820,39.131205,16.991507,23.542307
80.092699,39.755742,53.789474,14.041855
99.470699,47.301353,47.108726,17.938836
156.201721,12.669168,9.605914,15.056787
131.673438,29.503795,90.639621,22.173527
6.483624,4.752460,52.053483,9.011956
247.887577,30.808285,56.319232,26.424279
268.848232,8.564565,18.080757,19.230293
42.074727,28.247531,21.711198,12.245333
166.210843,28.621526,108.852435,21.692001
32.572722,23.299258,5.357891,13.145307
201.672028,26.131589,27.942274,22.790932
84.370135,38.196170,35.047120,18.061911
197.826790,39.962236,58.823705,24.815211
218.098384,24.607661,70.373421,22.666487
230.594248,29.979672,59.194797,25.476885
32.322284,46.561812,10.093840,19.069225
274.803554,5.986679,29.240094,18.107692
69.064197,5.855178,101.230606,7.328445
11.223767,4.385451,76.510644,10.701256
166.455741,32.893164,77.897886,23.874354
111.276685,20.930415,80.424391,14.571542
248.936923,38.716071,91.548362,22.859730
242.475442,33.561571,6.973018,25.161112
95.141668,16.681888,43.993006,16.758151
285.869819,44.918327,64.743292,33.004158
87.275351,38.126607,40.614778,19.616451
154.517139,13.526747,101.337465,16.599740
76.789527,18.209601,57.908701,12.582345
280.813071,15.721999,92.235311,23.751405
49.382345,7.880582,102.241862,10.677607
13.473186,7.389169,60.574978,7.283117
130.529118,46.806373,109.146269,26.653949
297.712669,21.895202,70.454873,29.190160
267.503180,19.165991,102.032916,26.060457
224.582406,36.484285,40.870895,22.958278
267.237747,27.649653,59.858035,26.933194
268.033992,46.806999,63.769325,30.195409
155.657508,39.015075,12.597566,22.779171
94.778716,23.968478,47.826301,18.777954
231.603730,18.817974,110.080521,23.317812
198.498379,49.331577,75.699869,27.616869
112.097319,35.888012,21.300790,20.536972
28.340000,47.559733,40.662676,18.256309
224.036883,5.923929,22.992361,15.330630
78.738155,42.526684,2.978776,19.034499
281.043945,31.853694,111.295255,25.766449
72.291173,6.096084,53.784879,9.277435
36.827380,29.412900,36.904209,17.879268
249.333802,34.304818,71.817263,29.141168
45.985295,0.615134,0.877735,12.057337
53.780492,22.715898,33.362653,14.545719
179.814837,41.269976,84.364016,26.452017
262.368612,14.767951,76.052373,22.631432
58.930400,22.927404,117.816714,15.055255
93.097102,22.115706,74.442925,13.763520
